Workbook

Sheet Precios
A1: Distrito | B1: Precio_m2
A2: 01. Centro | B2: =ROUND(AVERAGE(Datos_mensuales_INE!B2:M2),2) -> 5414.5
A3: 02. Arganzuela | B3: =ROUND(AVERAGE(Datos_mensuales_INE!B3:M3),2) -> 4430.58
A4: 03. Retiro | B4: =ROUND(AVERAGE(Datos_mensuales_INE!B4:M4),2) -> 5036.67
A5: 04. Salamanca | B5: =ROUND(AVERAGE(Datos_mensuales_INE!B5:M5),2) -> 6656.83
A6: 05. Chamartín | B6: =ROUND(AVERAGE(Datos_mensuales_INE!B6:M6),2) -> 5712.17
A7: 06. Tetuán | B7: =ROUND(AVERAGE(Datos_mensuales_INE!B7:M7),2) -> 4093.08
A8: 07. Chamberí | B8: =ROUND(AVERAGE(Datos_mensuales_INE!B8:M8),2) -> 5988.17
A9: 08. Fuencarral-El Pardo | B9: =ROUND(AVERAGE(Datos_mensuales_INE!B9:M9),2) -> 3810.75
A10: 09. Moncloa-Aravaca | B10: =ROUND(AVERAGE(Datos_mensuales_INE!B10:M10),2) -> 4415.5
A11: 10. Latina | B11: =ROUND(AVERAGE(Datos_mensuales_INE!B11:M11),2) -> 2538.25
A12: 11. Carabanchel | B12: =ROUND(AVERAGE(Datos_mensuales_INE!B12:M12),2) -> 2461.42
A13: 12. Usera | B13: =ROUND(AVERAGE(Datos_mensuales_INE!B13:M13),2) -> 2252.92
... A22: 21. Barajas | B22: =ROUND(AVERAGE(Datos_mensuales_INE!B22:M22),2) -> 3436.25
A24: Fuente: Ayuntamiento de Madrid, 4.3.15.B Precio de oferta de venta de la vivienda (€/m²) por Distrito y Mes. Precio_m2 = media de los 12 meses de 2023. Precio de oferta (anuncio), no de venta cerrada.

Sheet Datos_mensuales_INE
A1: Distrito | B1: Enero | C1: Febrero | D1: Marzo | E1: Abril | F1: Mayo | G1: Junio | H1: Julio | I1: Agosto | J1: Septiembre | K1: Octubre | L1: Noviembre | M1: Diciembre
A2: 01. Centro | B2: 5137 | C2: 5152 | D2: 5247 | E2: 5292 | F2: 5357 | G2: 5368 | H2: 5361 | I2: 5381 | J2: 5488 | K2: 5595 | L2: 5719 | M2: 5877
A3: 02. Arganzuela | B3: 4333 | C3: 4354 | D3: 4358 | E3: 4376 | F3: 4396 | G3: 4392 | H3: 4450 | I3: 4488 | J3: 4485 | K3: 4510 | L3: 4501 | M3: 4524
A4: 03. Retiro | B4: 5000 | C4: 4970 | D4: 4936 | E4: 4908 | F4: 4998 | G4: 5061 | H4: 5002 | I4: 5065 | J4: 5118 | K4: 5113 | L4: 5095 | M4: 5174
A5: 04. Salamanca | B5: 6408 | C5: 6426 | D5: 6487 | E5: 6489 | F5: 6532 | G5: 6627 | H5: 6654 | I5: 6729 | J5: 6738 | K5: 6824 | L5: 6924 | M5: 7044
A6: 05. Chamartín | B6: 5610 | C6: 5695 | D6: 5659 | E6: 5614 | F6: 5654 | G6: 5701 | H6: 5732 | I6: 5735 | J6: 5747 | K6: 5751 | L6: 5785 | M6: 5863
A7: 06. Tetuán | B7: 4000 | C7: 4030 | D7: 4041 | E7: 4068 | F7: 4094 | G7: 4110 | H7: 4088 | I7: 4125 | J7: 4110 | K7: 4131 | L7: 4145 | M7: 4175
A8: 07. Chamberí | B8: 5857 | C8: 5891 | D8: 5923 | E8: 5928 | F8: 5921 | G8: 5943 | H8: 5986 | I8: 6044 | J8: 6052 | K8: 6073 | L8: 6116 | M8: 6124
A9: 08. Fuencarral-El Pardo | B9: 3774 | C9: 3758 | D9: 3775 | E9: 3803 | F9: 3825 | G9: 3831 | H9: 3825 | I9: 3822 | J9: 3837 | K9: 3812 | L9: 3822 | M9: 3845
A10: 09. Moncloa-Aravaca | B10: 4282 | C10: 4343 | D10: 4348 | E10: 4397 | F10: 4406 | G10: 4413 | H10: 4365 | I10: 4406 | J10: 4417 | K10: 4485 | L10: 4537 | M10: 4587
A11: 10. Latina | B11: 2460 | C11: 2498 | D11: 2523 | E11: 2543 | F11: 2522 | G11: 2527 | H11: 2544 | I11: 2564 | J11: 2551 | K11: 2569 | L11: 2566 | M11: 2592
A12: 11. Carabanchel | B12: 2366 | C12: 2377 | D12: 2374 | E12: 2398 | F12: 2448 | G12: 2457 | H12: 2453 | I12: 2507 | J12: 2520 | K12: 2534 | L12: 2531 | M12: 2572
A13: 12. Usera | B13: 2195 | C13: 2186 | D13: 2231 | E13: 2250 | F13: 2246 | G13: 2276 | H13: 2260 | I13: 2290 | J13: 2255 | K13: 2272 | L13: 2280 | M13: 2294
... A22: 21. Barajas | B22: 3391 | C22: 3407 | D22: 3399 | E22: 3351 | F22: 3411 | G22: 3507 | H22: 3504 | I22: 3472 | J22: 3439 | K22: 3497 | L22: 3451 | M22: 3406
